{
  "cacheBootResources": true,
  "config": [
    "appsettings.Development.json",
    "appsettings.Docker.json",
    "appsettings.json"
  ],
  "debugBuild": false,
  "entryAssembly": "BlazorAdmin",
  "icuDataMode": 0,
  "linkerEnabled": true,
  "resources": {
    "assembly": {
      "BlazorAdmin.dll": "sha256-fjXGItaX02SAoVvxIg0jEhJaxgi71b5YyMb3C5iQnoM=",
      "Blazored.LocalStorage.dll": "sha256-6RRoYeDP3d0xabXmcCMF66wXeJlXVPem28Trs8sQiis=",
      "BlazorInputFile.dll": "sha256-C0KrMmLQQE68cd1+FNwIOW89nNGbOH48hRxQAoSBaaA=",
      "BlazorShared.dll": "sha256-PFdARwRbUEqq52nfL7BXm7aTqfkXpHyJI\/Rc5wjvg9A=",
      "FluentValidation.dll": "sha256-rsi80Nc1+s5jqA5EvgXSj3IWrrT4FLc0UJfJf9iXXQU=",
      "Microsoft.AspNetCore.Authorization.dll": "sha256-QGpwdnNkp3GAc6Bo1ohqjaGZrBN9T3\/ieGJ8jXB5b3U=",
      "Microsoft.AspNetCore.Components.Authorization.dll": "sha256-DlU9qLI35VIxLGuZ9TeLIiufVxavfTPDy2UScYihG7M=",
      "Microsoft.AspNetCore.Components.dll": "sha256-Z9LsWv\/TNd2y+OZ6ojrF\/jVRuMTOB6csb0WpfxhGTNc=",
      "Microsoft.AspNetCore.Components.Forms.dll": "sha256-WKUztfwynnd1V01sIfxR5o+723hn+pX9IFTTtAdTZDA=",
      "Microsoft.AspNetCore.Components.Web.dll": "sha256-hVtHfqV5e99prZt3pTP1V\/nIqy\/WkyamWKHmkyaPiYE=",
      "Microsoft.AspNetCore.Components.WebAssembly.Authentication.dll": "sha256-EqljdYgE34EkDzO6gN2mPrErcceI6j1hVYR58Do7xjg=",
      "Microsoft.AspNetCore.Components.WebAssembly.dll": "sha256-mWo04eX\/N6xy4BpyyHcT\/bajCfIguW20jNFnjd0RCyg=",
      "Microsoft.AspNetCore.Cryptography.Internal.dll": "sha256-a76vH\/kHFGSps1ySG6AoUCwkGQkJydQkDVimfMlW+cQ=",
      "Microsoft.AspNetCore.Cryptography.KeyDerivation.dll": "sha256-6wOiCaH4Cu6Z3Ihv0wl97E1oLVKAiI4mhlijkFk3+Pc=",
      "Microsoft.AspNetCore.Metadata.dll": "sha256-rhr8pfIKXpXI4QOY+A4eKcpfCSzcNrYlTMh5437Vhbg=",
      "Microsoft.Extensions.Configuration.Abstractions.dll": "sha256-FpXFOpHl38cZMqbxwM8kE1eZydJ44RUYzHYS9kH5LMs=",
      "Microsoft.Extensions.Configuration.Binder.dll": "sha256-acRkDQyLt2rA27U5o\/FPwc5xV4l4uM+3lVjeznqFvy4=",
      "Microsoft.Extensions.Configuration.dll": "sha256-k5e8dtdKFHhrE1eBTvKJ\/9Dqwai\/I32mBOkySVVSMNg=",
      "Microsoft.Extensions.Configuration.Json.dll": "sha256-boSewHLerYdMMQk1EahIMSbAXSrf7Kgky4CGjZ3uuto=",
      "Microsoft.Extensions.DependencyInjection.Abstractions.dll": "sha256-BtESuIezlnwKlZNHsykc6bgYpKbddIrkl25g1baTByM=",
      "Microsoft.Extensions.DependencyInjection.dll": "sha256-NG6TuRIzTh0UOEbWw9Pz8Fvi2pZb0sm3HFnNo0wNFUo=",
      "Microsoft.Extensions.Identity.Core.dll": "sha256-0NAjHpQW\/XH1MoNhGO5f1bdW97KN+MWb5GZuYCMGZXY=",
      "Microsoft.Extensions.Logging.Abstractions.dll": "sha256-3CR9h9OwEHn7IBHi89kEIPhFptfqXE5DG\/7RIBtF6n4=",
      "Microsoft.Extensions.Logging.Configuration.dll": "sha256-2rNwcEf4XOYeIFRLQWbXlvI6hVEEq4lyX8rnPyzgJFI=",
      "Microsoft.Extensions.Logging.dll": "sha256-qJUesDWVmjsSHD6HLQnpj4HznkXZjpTEe59Iz0AINro=",
      "Microsoft.Extensions.Options.ConfigurationExtensions.dll": "sha256-LMKQCcsiZn8nvU1xHBC4djzkE2+09h8ACGGIkde\/RHY=",
      "Microsoft.Extensions.Options.dll": "sha256-EWk1HGy0cfq39EDtmafTcXkC3XEQheqgyXFMT4Sghms=",
      "Microsoft.Extensions.Primitives.dll": "sha256-Kk9trPYi6xuop+bJh7AertZVcNJkEyzyxW3andlyf5U=",
      "Microsoft.JSInterop.dll": "sha256-4wegNh3jVEtOLJfK+VujjtdIrCx6mvLRlsAT0EIdH7w=",
      "Microsoft.JSInterop.WebAssembly.dll": "sha256-RiRwk2sMlcwS2Kn5ARG+YIysRJ6OX1WtS\/bIHxWjukY=",
      "netstandard.dll": "sha256-IpncYhjxMnkP8ZmM3PNmmqZnhwxs1PCZxPUMS5VvnxE=",
      "System.Collections.Concurrent.dll": "sha256-kNvGf4snIzK27ddmY5JJlP7CllWQbUtStgeCjv7HWME=",
      "System.Collections.dll": "sha256-UgLfoL9PZH0Aq7elJxd6zT5IqP2VNCTlUi9cMqu9A54=",
      "System.Collections.NonGeneric.dll": "sha256-Cv6x0+IPbDj\/ZahbpqukMobahqNhikwC995Ql+Lba0c=",
      "System.Collections.Specialized.dll": "sha256-YFKa5O7HSJg\/aCktEC2IMEZNCCqaDXwuXwq1WHbwxxs=",
      "System.ComponentModel.Annotations.dll": "sha256-n1jbEqB\/JZmQwPdFr8GWBTzag7YyoFWWOvprLtwpAPs=",
      "System.ComponentModel.dll": "sha256-1VjKvt9RUXsCbk2ICef0i1HEnLOupAC17JQmeJ\/ysDM=",
      "System.ComponentModel.Primitives.dll": "sha256-KWXEx+YdJFTUH+0X0Zgr\/8VAMvPtgcDxM+Zy2ZunXXI=",
      "System.ComponentModel.TypeConverter.dll": "sha256-1HKhXb1f4VNX55nYN1wdiNQK6IJVNE6loRK3NKtHMWI=",
      "System.dll": "sha256-3Dx96Y+RlO\/k82GuDMLHREDY0XtFkReumxgF4OwQta4=",
      "System.Linq.dll": "sha256-HHlNUELju4He22G5XQL4Qu5zDAVQcgF+RE7BGs4VygA=",
      "System.Linq.Expressions.dll": "sha256-YzSncBtZILVi3lyXvJaC44M7dSd\/L75eEr5M+XidZBE=",
      "System.Memory.dll": "sha256-bilLFd0m2pipAfWHWf1YHiJRP0IHSu7abykv0Wr5\/nE=",
      "System.Net.Http.dll": "sha256-0TAANMWwcQzCf1lISX7v7VVJhvKs6EFiKXaVbBMogUw=",
      "System.Net.Http.Json.dll": "sha256-Fn2oRcDjnn56rZlRVgQo0CX2ZEL4fthw2PHxtE4ke18=",
      "System.Net.Primitives.dll": "sha256-g9Mc\/wd7NdJ2Sdx09g2eqwlKdg\/jJL7YsRPggb09atc=",
      "System.ObjectModel.dll": "sha256-3iw71343pxkfLWQOySIrZwty9FKbvYxFP1z+aL1qbno=",
      "System.Private.CoreLib.dll": "sha256-024S\/BgbIYczPvMFVil2oWl4JfxSBEY8+8Slvqb6T18=",
      "System.Private.Runtime.InteropServices.JavaScript.dll": "sha256-epOz\/qwIgAjUuQ7ANSkugKGVZ5zQqZh6GLbHQvzPfrY=",
      "System.Private.Uri.dll": "sha256-4XY420LIOIdnGAKNwz3r0YnrGtEfiZLmMClTv6IdDws=",
      "System.Runtime.CompilerServices.Unsafe.dll": "sha256-Cor0KCrsvgrEKmpSxuHFQcWmmm0sJn\/NiRRKNI1OLSk=",
      "System.Runtime.dll": "sha256-SwIpx4r2L9Cp67Ju4aBu0WO6HxkYeQN4X8fMrtJziOM=",
      "System.Runtime.InteropServices.dll": "sha256-UmUm5srqRvBcjIblvuL+J7WH8D1jxX4kuBWOTzjvxuY=",
      "System.Security.Claims.dll": "sha256-gvENLl2QvkqbxFqN8Ke52qocyyKZD5agremE\/fKA3wU=",
      "System.Security.Cryptography.Algorithms.dll": "sha256-mzNozWCsPEbv+rtPwkEqIPLQshBql8fh5223vRzOaTg=",
      "System.Security.Cryptography.Primitives.dll": "sha256-gbmNAws0DHtQ\/ppO+z9Dg7JcjxSW5dhpcWBNA5KT\/P4=",
      "System.Text.Encoding.Extensions.dll": "sha256-ocu2wtdNl7+oATXgh5V8ka2TWcg7RIyMkDkoOXDwVUI=",
      "System.Text.Encodings.Web.dll": "sha256-oUsmj73hwCUgOH1k3iNuvk2WZyKwOYVokxswyU7aNGA=",
      "System.Text.Json.dll": "sha256-QunDwvLK+9wK0UkNP4YLUK0YL4fN9U8DDIJKpiE8WdA=",
      "System.Text.RegularExpressions.dll": "sha256-Ufx76IwwMJNmhstXGHaUnkKvB9N6glEDnqZL3naBxpA=",
      "System.Threading.dll": "sha256-36yFBb0xng2FmcoApaJWVeHc8oAc26D9byGI8SNDyxw="
    },
    "extensions": null,
    "lazyAssembly": null,
    "libraryInitializers": null,
    "pdb": null,
    "runtime": {
      "dotnet.6.0.13.ejkgzxmy8i.js": "sha256-X\/515F1HEzgsDZdY8BJjt8YUwrWngHGZkMnpClhsrpY=",
      "dotnet.timezones.blat": "sha256-WPkGR3RGK4nRx1ZL+q1a\/p6EefifFVyR\/nGNrnu\/vls=",
      "dotnet.wasm": "sha256-trWQc47vmwSMQ8jsAJyJpCnryUG9nijwDdWSkWPXIPM=",
      "icudt.dat": "sha256-Zuq0dWAsBm6\/2lSOsz7+H9PvFaRn61KIXHMMwXDfvyE=",
      "icudt_CJK.dat": "sha256-WPyI4hWDPnOw62Nr27FkzGjdbucZnQD+Ph+GOPhAedw=",
      "icudt_EFIGS.dat": "sha256-4RwaPx87Z4dvn77ie\/ro3\/QzyS+\/gGmO3Y\/0CSAXw4k=",
      "icudt_no_CJK.dat": "sha256-OxylFgLJlFqixsj+nLxYVsv5iZLvfIKMpLf9hrWaChA="
    },
    "runtimeAssets": {
      "dotnet.wasm": {
        "behavior": "dotnetwasm",
        "hash": "sha256-trWQc47vmwSMQ8jsAJyJpCnryUG9nijwDdWSkWPXIPM="
      }
    },
    "satelliteResources": null
  }
}